{"stats":{"minecraft:picked_up":{"minecraft:diamond":16,"minecraft:netherite_pickaxe":1},"minecraft:dropped":{"minecraft:diamond":113,"minecraft:grass_block":104,"minecraft:netherite_pickaxe":1,"minecraft:oak_log":1},"minecraft:custom":{"minecraft:jump":203,"minecraft:time_since_rest":13063,"minecraft:damage_dealt":-50,"minecraft:crouch_one_cm":54,"minecraft:damage_taken":60,"minecraft:leave_game":2,"minecraft:play_time":13063,"minecraft:sprint_one_cm":51648,"minecraft:time_since_death":13063,"minecraft:walk_on_water_one_cm":104,"minecraft:walk_one_cm":11484,"minecraft:sneak_time":207,"minecraft:total_world_time":13063,"minecraft:drop":219,"minecraft:fall_one_cm":1064,"minecraft:fly_one_cm":294134}},"DataVersion":2975}