{"stats":{"minecraft:crafted":{"minecraft:oak_planks":20,"minecraft:crafting_table":2,"minecraft:stick":4,"minecraft:wooden_axe":1},"minecraft:mined":{"minecraft:grass":1,"minecraft:grass_block":4,"minecraft:oak_log":13,"minecraft:dirt":1,"minecraft:oak_leaves":4,"minecraft:crafting_table":1},"minecraft:used":{"minecraft:crafting_table":2},"minecraft:picked_up":{"minecraft:oak_log":5,"minecraft:dirt":5},"minecraft:custom":{"minecraft:time_since_rest":6461,"minecraft:crouch_one_cm":81,"minecraft:sprint_one_cm":12691,"minecraft:play_time":6461,"minecraft:damage_taken":170,"minecraft:walk_one_cm":10810,"minecraft:sneak_time":10,"minecraft:jump":74,"minecraft:damage_dealt":85,"minecraft:leave_game":1,"minecraft:time_since_death":6461,"minecraft:total_world_time":6461,"minecraft:interact_with_crafting_table":3,"minecraft:fall_one_cm":1103,"minecraft:fly_one_cm":12356}},"DataVersion":2975}