{"stats":{"minecraft:crafted":{"minecraft:oak_planks":32,"minecraft:crafting_table":2,"minecraft:stick":4,"minecraft:wooden_axe":1},"minecraft:mined":{"minecraft:grass":4,"minecraft:grass_block":4,"minecraft:oak_log":21,"minecraft:sunflower":7,"minecraft:dirt":4,"minecraft:birch_log":1,"minecraft:pumpkin":1,"minecraft:oak_leaves":4,"minecraft:crafting_table":2},"minecraft:used":{"minecraft:wooden_axe":18,"minecraft:dirt":7,"minecraft:crafting_table":2,"minecraft:sunflower":1,"minecraft:oak_planks":4},"minecraft:picked_up":{"minecraft:wooden_axe":1,"minecraft:pumpkin":1,"minecraft:oak_log":8,"minecraft:dirt":7,"minecraft:sunflower":5},"minecraft:killed":{"minecraft:chicken":2,"minecraft:cow":1},"minecraft:dropped":{"minecraft:wooden_axe":1},"minecraft:killed_by":{"minecraft:skeleton":1},"minecraft:custom":{"minecraft:time_since_rest":52,"minecraft:deaths":1,"minecraft:crouch_one_cm":390,"minecraft:play_time":12339,"minecraft:sprint_one_cm":25617,"minecraft:damage_taken":340,"minecraft:walk_one_cm":27898,"minecraft:sneak_time":444,"minecraft:mob_kills":3,"minecraft:drop":1,"minecraft:jump":190,"minecraft:damage_dealt":265,"minecraft:leave_game":3,"minecraft:time_since_death":0,"minecraft:total_world_time":12339,"minecraft:interact_with_crafting_table":3,"minecraft:fall_one_cm":5147,"minecraft:fly_one_cm":32268}},"DataVersion":2975}