{"stats":{"minecraft:picked_up":{"quark:yellow_corundum":1,"minecraft:oak_sapling":1},"minecraft:custom":{"minecraft:time_since_rest":6143,"minecraft:sprint_one_cm":28315,"minecraft:play_time":6143,"minecraft:walk_one_cm":3772,"minecraft:sneak_time":4,"minecraft:walk_under_water_one_cm":79,"minecraft:drop":8,"minecraft:jump":138,"minecraft:damage_dealt":10,"minecraft:leave_game":2,"minecraft:walk_on_water_one_cm":857,"minecraft:time_since_death":6143,"minecraft:total_world_time":7532,"minecraft:swim_one_cm":700,"minecraft:fly_one_cm":127315},"minecraft:used":{"minecraft:cooked_beef":1,"macawsroofsbop:willow_planks_steep_roof":2},"minecraft:dropped":{"byg:biomepedia":1,"minecraft:stone":1,"mca:book_romance":1,"minecraft:cooked_beef":64,"alexsmobs:animal_dictionary":1,"quark:yellow_corundum":2,"minecraft:oak_sapling":1}},"DataVersion":2975}