{"stats":{"minecraft:custom":{"minecraft:jump":36,"minecraft:time_since_rest":3280,"minecraft:crouch_one_cm":3,"minecraft:leave_game":1,"minecraft:sprint_one_cm":7049,"minecraft:play_time":3280,"minecraft:damage_taken":110,"minecraft:time_since_death":3280,"minecraft:walk_one_cm":2888,"minecraft:sneak_time":9,"minecraft:total_world_time":3280,"minecraft:fall_one_cm":2359,"minecraft:fly_one_cm":40792,"minecraft:open_chest":2},"minecraft:used":{"minecraft:dirt_path":13,"graveyard:ossuary":1,"minecraft:grass_block":2},"minecraft:picked_up":{"byg:pink_allium_flower_bush":2}},"DataVersion":2975}